underreporting_cases,underreporting_deaths,ifr
7.263739968810216,2.3552805744008642,0.00405380409120544
