underreporting_cases,underreporting_deaths,ifr
17.26189062466591,4.707750027594303,0.004358486886569172
