underreporting_cases,underreporting_deaths,ifr
26.246126899737273,6.155254237288135,0.0026808883576391884
