underreporting_cases,underreporting_deaths,ifr
16.336075613785386,4.520986856122667,0.0036565878962030503
